filename,label
isi5_7.jpg,5
isi5_7 (2).jpg,5
isi4_12 (2).jpg,4
isi4_14.jpg,4
isi3_24 (2).jpg,3
isi3_24.jpg,3
isi3_26.jpg,3
isi3_26 (2).jpg,3
isi3_23 (2).jpg,3
isi4_12.jpg,4
isi4_14 (2).jpg,4
isi4_15.jpg,4
isi3_23.jpg,3
isi4_15 (2).jpg,4
isi1_3 (2).jpg,1
isi1_5.jpg,1
isi1_4 (2).jpg,1
isi1_3.jpg,1
isi1_4.jpg,1
isi1_5 (2).jpg,1
isi5_6 (2).jpg,5
isi5_6.jpg,5
isi5_5.jpg,5
isi5_5 (2).jpg,5
isi5_4.jpg,5
isi5_4 (2).jpg,5
isi2_18.jpg,2
isi2_17.jpg,2
isi2_12 (2).jpg,2
isi2_17 (2).jpg,2
isi2_18 (2).jpg,2
isi2_12.jpg,2
isi2_14 (2).jpg,2
isi2_14.jpg,2
isi2_13.jpg,2
isi2_19.jpg,2
isi2_16 (2).jpg,2
isi2_16.jpg,2
isi2_15.jpg,2
isi2_20 (2).jpg,2
isi2_19 (2).jpg,2
isi2_13 (2).jpg,2
isi2_15 (2).jpg,2
isi2_20.jpg,2
isi0_2.jpg,0
isi0_2 (2).jpg,0
isi0_1.jpg,0
isi4_13.jpg,4
isi4_13 (2).jpg,4
isi3_25 (2).jpg,3
isi3_25.jpg,3
isi5_8.jpg,5
isi5_8 (2).jpg,5
isi4_16.jpg,4
isi4_16 (2).jpg,4
isi3_27 (2).jpg,3
isi3_27.jpg,3
isi5_9 (2).jpg,5
isi5_9.jpg,5
isi1_2.jpg,1
isi3_22.jpg,3
isi4_17.jpg,4
isi4_17 (2).jpg,4
isi5_11.jpg,5
isi3_28 (2).jpg,3
isi5_10.jpg,5
isi3_28.jpg,3
isi5_10 (2).jpg,5
isi5_11 (2).jpg,5
isi3_3.jpg,3
isi3_10.jpg,3
isi4_7.jpg,4
isi3_13.jpg,3
isi3.jpg,3
isi3_15.jpg,3
isi3_17.jpg,3
isi4.jpg,4
isi0.jpg,0
isi5_3.jpg,5
isi2_1.jpg,2
isi3_6.jpg,3
isi3_2.jpg,3
isi4_2.jpg,4
isi2_3.jpg,2
isi2_5.jpg,2
isi2_8.jpg,2
isi4_4.jpg,4
isi3_18.jpg,3
isi3_19.jpg,3
isi4_8.jpg,4
isi5.jpg,5
isi2.jpg,2
isi4_10.jpg,4
isi2_9.jpg,2
isi4_9.jpg,4
isi4_1.jpg,4
isi5_2.jpg,5
isi2_10.jpg,2
isi3_5.jpg,3
isi3_20.jpg,3
isi1.jpg,1
isi3_11.jpg,3
isi4-11.jpg,4
isi2_2.jpg,2
isi4_6.jpg,4
isi3_12.jpg,3
isi2_6.jpg,2
isi1_1.jpg,1
isi3_14.jpg,3
isi3_21.jpg,3
isi3_16.jpg,3
isi2_4.jpg,2
isi3_9.jpg,3
isi3_1.jpg,3
isi2_7.jpg,2
isi4_5.jpg,4
isi4_3.jpg,4
isi2_11.jpg,2
isi5_1.jpg,5
isi3_4.jpg,3
isi3_8.jpg,3
isi3_7.jpg,3
isi1_6 (2).jpg,1
isi1_6.jpg,1
isi0_3 (2).jpg,0
isi0_3.jpg,0
isi1_9.jpg,1
isi5_13.jpg,5
isi4_18.jpg,4
isi1_7.jpg,1
isi4_18 (2).jpg,4
isi1_7 (2).jpg,1
isi5_13 (2).jpg,5
isi1_9 (2).jpg,1
isi1_11 (2).jpg,1
isi1_11.jpg,1
isi2_21 (2).jpg,2
isi2_21.jpg,2
isi1_10 (2).jpg,1
isi2_23.jpg,2
isi0_7 (2).jpg,0
isi2_23 (2).jpg,2
isi0_7.jpg,0
isi1_10.jpg,1
isi0_5 (2).jpg,0
isi1_8 (2).jpg,1
isi0_5.jpg,0
isi3_29.jpg,3
isi5_12.jpg,5
isi5_12 (2).jpg,5
isi0_4 (2).jpg,0
isi3_29 (2).jpg,3
isi0_4.jpg,0
isi1_8.jpg,1
isi0_6 (2).jpg,0
isi0_6.jpg,0
isi2_22.jpg,2
isi2_22 (2).jpg,2
isi0_8.jpg,0
isi0_8 (2).jpg,0
